Category,Book ,Chapter,Suchapter,Summary
Academic,Course 1: Algorithms,1. Introduction to Algorithms,1. What is an Algorithm?,"An algorithm is a precise, step-by-step procedure used to solve a problem or perform a computation. In this sub-chapter, we explore the definition of an algorithm and discuss its key role in both mathematics and computer science. An algorithm must be finite, well-defined, and unambiguous—ensuring that, given a particular input, it produces a consistent output in a predictable number of steps. We also illustrate how everyday tasks, such as following a recipe or navigating a map, mirror the logical structure of algorithms. This section lays the groundwork for understanding how algorithms power modern computing, enabling automation, data processing, and problem solving across diverse fields. By learning what constitutes an algorithm, readers gain the essential perspective needed to appreciate more complex algorithmic designs later in the book."
Academic,Course 1: Algorithms,1. Introduction to Algorithms,2. Historical Evolution of Algorithms,"The development of algorithms stretches back thousands of years, beginning with ancient problem-solving techniques. This sub-chapter traces the evolution from classical algorithms such as Euclid’s algorithm for computing the greatest common divisor to the sophisticated procedures used in today’s computer science. We examine pivotal moments in history where algorithms transitioned from simple, manual procedures to formalized mathematical expressions and ultimately to implementations in electronic computers. The narrative highlights the contributions of early mathematicians and scientists who, through their innovations, laid the foundation for modern computational theory. Understanding this historical context not only illuminates how far we have come but also underscores the timeless principles that continue to guide algorithmic design and analysis."
Academic,Course 1: Algorithms,1. Introduction to Algorithms,3. Key Characteristics of Algorithms,"In order for an algorithm to be effective, it must exhibit several fundamental characteristics. This sub-chapter focuses on attributes such as correctness, efficiency, clarity, and finiteness. We discuss how correctness ensures that an algorithm produces the intended result for all valid inputs, while efficiency (measured in terms of time and space complexity) determines how resource-intensive the process is. Additionally, we explore the importance of clarity and simplicity, which make algorithms easier to understand, implement, and maintain. Real-world examples illustrate scenarios where even minor flaws in design can lead to significant performance bottlenecks or unexpected errors. This section provides readers with a framework for evaluating algorithms and understanding the criteria that underpin high-quality algorithmic solutions."
Academic,Course 1: Algorithms,1. Introduction to Algorithms,4. Algorithm Design Paradigms,"Brief Overview: Introduces common design strategies such as Divide and Conquer, Greedy algorithms, and Dynamic Programming, explaining how each paradigm offers a different approach to problem solving."
Academic,Course 1: Algorithms,1. Introduction to Algorithms,5. Real-World Applications of Algorithms,Brief Overview: Outlines various fields—ranging from route optimization in logistics to decision-making in artificial intelligence—where algorithms are applied to solve practical problems.
Academic,Course 1: Algorithms,1. Introduction to Algorithms,6. Algorithm Pseudocode and Notation,"Brief Overview: Discusses the role of pseudocode in abstracting algorithm logic from programming language specifics, making it easier to communicate ideas among developers and stakeholders."
Academic,Course 1: Algorithms,1. Introduction to Algorithms,7. Algorithmic Problem Solving Techniques,"Brief Overview: Presents methods for translating real-world problems into algorithmic solutions, including techniques for breaking down complex tasks into simpler, manageable steps."
Academic,Course 1: Algorithms,1. Introduction to Algorithms,(Optional) 8. Future Trends in Algorithm Development,"Brief Overview: Explores emerging trends in algorithm research, such as quantum algorithms and bio-inspired computing, and discusses their potential impact on the future of technology."
Academic,Course 1: Algorithms,2. Algorithm Analysis and Complexity,1. Introduction to Complexity Theory,"This sub-chapter introduces the fundamental concept of complexity theory, which serves as the backbone for evaluating algorithms. Complexity theory provides the tools and language to describe how the performance of an algorithm scales as the size of the input increases. It differentiates between problems that can be solved efficiently and those that are inherently time- or space-intensive. We delve into the concepts of decidability and intractability, laying a foundation for understanding why some algorithms are practical for real-world applications while others remain theoretical. By setting the stage with core definitions and examples, this section helps readers grasp the importance of analyzing algorithm efficiency, ensuring that they can critically assess the trade-offs involved in algorithm design."
Academic,Course 1: Algorithms,2. Algorithm Analysis and Complexity,2. Time Complexity Analysis,"Time complexity is a crucial metric for understanding an algorithm’s efficiency. In this sub-chapter, we explain how time complexity measures the number of steps an algorithm takes relative to the input size. Detailed explanations of common notations—such as Big O, Big Theta, and Big Omega—are provided, along with examples that illustrate their use. We explore scenarios that demonstrate best-case, worst-case, and average-case performance, emphasizing the practical implications of each. Through a combination of theoretical analysis and concrete examples, this section equips readers with the skills to evaluate and compare algorithms based on their expected execution time. Understanding time complexity is essential for choosing the most appropriate algorithm for a given problem, especially in resource-constrained environments."
Academic,Course 1: Algorithms,2. Algorithm Analysis and Complexity,3. Space Complexity Considerations,"Space complexity evaluates the amount of memory an algorithm requires during its execution. This sub-chapter focuses on why memory usage is just as critical as execution time, particularly when dealing with large data sets or systems with limited resources. We explore the factors that contribute to space complexity, including auxiliary space and in-place computation. Detailed examples help illustrate how different algorithms manage memory and the trade-offs involved in optimizing for space versus time. By examining common pitfalls and best practices in memory management, this section empowers readers to design algorithms that are not only fast but also memory efficient. This understanding is vital for developers working in environments where hardware limitations are a significant concern."
Academic,Course 1: Algorithms,2. Algorithm Analysis and Complexity,"4. Big O, Big Theta, and Big Omega Notations","Brief Overview: Defines and contrasts the notations used to express the upper, tight, and lower bounds of algorithm performance, with simple examples to clarify their meanings."
Academic,Course 1: Algorithms,2. Algorithm Analysis and Complexity,5. Worst-Case vs. Average-Case vs. Best-Case Analysis,"Brief Overview: Describes the differences between these scenarios and their importance in algorithm evaluation, highlighting why worst-case analysis is often the most critical."
Academic,Course 1: Algorithms,2. Algorithm Analysis and Complexity,6. Empirical vs. Theoretical Analysis,"Brief Overview: Discusses how empirical measurements (benchmarking) complement theoretical analysis, offering a real-world perspective on algorithm performance."
Academic,Course 1: Algorithms,2. Algorithm Analysis and Complexity,7. Practical Implications of Complexity,Brief Overview: Provides case studies and examples that demonstrate how complexity considerations affect real-world applications and decision making in software development.
Academic,Course 1: Algorithms,2. Algorithm Analysis and Complexity,(Optional) 8. Case Studies in Algorithm Efficiency,Brief Overview: Presents detailed examples where complexity analysis led to significant performance improvements in commercial or academic settings.
Academic,Course 1: Algorithms,3. Sorting and Searching Techniques,1. Overview of Sorting Algorithms,"Sorting algorithms are fundamental to organizing data and optimizing various computational processes. In this sub-chapter, we introduce the wide array of sorting techniques available and discuss their overall purpose in computer science. The section begins by explaining why sorting is necessary—whether for improving search efficiency, data analysis, or optimizing other algorithms that depend on ordered input. We then provide a high-level overview of both comparison-based and non-comparison-based sorting methods. Through illustrative examples, readers learn how sorting algorithms arrange data into a specified order, often improving the performance of subsequent operations. This introduction sets the stage for a more in-depth exploration of specific sorting strategies in the following sub-chapters."
Academic,Course 1: Algorithms,3. Sorting and Searching Techniques,2. Comparison-Based Sorting Methods,"Comparison-based sorting relies on comparing elements to determine their order. This sub-chapter focuses on classical algorithms such as Bubble Sort, Insertion Sort, Merge Sort, and Quick Sort. We detail how these algorithms function, comparing their methods of operation, stability, and efficiency. The discussion includes both theoretical underpinnings—such as worst-case and average-case time complexities—and practical considerations, like memory usage and ease of implementation. Through a series of examples and diagrams, readers gain insight into the iterative and recursive nature of these sorting techniques. This detailed examination provides a robust framework for understanding why certain algorithms are preferred in different scenarios, highlighting the trade-offs between simplicity and performance."
Academic,Course 1: Algorithms,3. Sorting and Searching Techniques,3. Non-Comparison Sorting Methods,"Non-comparison sorting algorithms, such as Counting Sort, Radix Sort, and Bucket Sort, take advantage of the properties of the data to sort without directly comparing elements. This sub-chapter explains the core principles behind these methods and when they offer significant performance benefits over comparison-based techniques. We explore how the distribution of data values is leveraged to achieve linear time sorting under certain conditions, and the scenarios in which these methods excel. Examples illustrate the mechanics of these algorithms, including how auxiliary arrays or buckets are used to categorize data before reassembly into a sorted order. Understanding non-comparison sorting broadens the toolkit available for tackling specialized problems where traditional methods may be inefficient."
Academic,Course 1: Algorithms,3. Sorting and Searching Techniques,4. Overview of Searching Techniques,"Brief Overview: Introduces the basic idea behind searching algorithms, highlighting the need to efficiently locate an element within a dataset, and briefly mentions the difference between linear and binary search methods."
Academic,Course 1: Algorithms,3. Sorting and Searching Techniques,5. Linear Search vs. Binary Search,"Brief Overview: Compares the straightforward approach of linear search with the efficiency of binary search, noting prerequisites such as data order for the latter."
Academic,Course 1: Algorithms,3. Sorting and Searching Techniques,6. Advanced Searching Techniques,"Brief Overview: Discusses more specialized methods like interpolation search, exponential search, and hash-based lookups, emphasizing their use cases and performance characteristics."
Academic,Course 1: Algorithms,3. Sorting and Searching Techniques,7. Efficiency Analysis of Sorting and Searching,"Brief Overview: Provides a concise analysis of the time and space complexities for both sorting and searching algorithms, summarizing the key points from earlier sections."
Academic,Course 1: Algorithms,3. Sorting and Searching Techniques,(Optional) 8. Practical Applications and Optimizations,"Brief Overview: Outlines real-world scenarios where optimized sorting and searching are critical, and highlights techniques for fine-tuning algorithm performance in production systems."
Academic,Course 1: Algorithms,4. Graph Algorithms,-,-
Academic,Course 1: Algorithms,5. Divide and Conquer Strategies,-,-
Academic,Course 1: Algorithms,6. Dynamic Programming,-,-
Academic,Course 1: Algorithms,7. Greedy Algorithms,-,-
Academic,Course 1: Algorithms,8. Backtracking and Recursion,-,-
Academic,Course 1: Algorithms,9. Data Structures Integration,-,-
Academic,Course 1: Algorithms,10. Applications and Case Studies,-,-
Academic,Course 2: Introduction to Machine Learning,1. Introduction to Machine Learning,-,-
Academic,Course 2: Introduction to Machine Learning,2. Supervised Learning Fundamentals,-,-
Academic,Course 2: Introduction to Machine Learning,3. Unsupervised Learning Concepts,-,-
Academic,Course 2: Introduction to Machine Learning,4. Regression Techniques,-,-
Academic,Course 2: Introduction to Machine Learning,5. Classification Algorithms,-,-
Academic,Course 2: Introduction to Machine Learning,6. Clustering Methods,-,-
Academic,Course 2: Introduction to Machine Learning,7. Neural Networks Basics,-,-
Academic,Course 2: Introduction to Machine Learning,8. Support Vector Machines,-,-
Academic,Course 2: Introduction to Machine Learning,9. Ensemble Methods,-,-
Academic,Course 2: Introduction to Machine Learning,10. Model Evaluation and Selection,-,-
Academic,Course 2: Introduction to Machine Learning,11. Practical Applications of Machine Learning,-,-
Academic,Course 3: Data Intensive Computing,1. Introduction to Data Intensive Computing,-,-
Academic,Course 3: Data Intensive Computing,2. Big Data Technologies Overview,-,-
Academic,Course 3: Data Intensive Computing,3. Distributed Systems and Architectures,-,-
Academic,Course 3: Data Intensive Computing,4. Data Storage and Retrieval,-,-
Academic,Course 3: Data Intensive Computing,5. MapReduce and Parallel Processing,-,-
Academic,Course 3: Data Intensive Computing,6. Scalability and Performance Optimization,-,-
Academic,Course 3: Data Intensive Computing,7. Fault Tolerance and Reliability,-,-
Academic,Course 3: Data Intensive Computing,8. Data Streaming and Real-Time Analytics,-,-
Academic,Course 3: Data Intensive Computing,9. Cloud Computing Integration,-,-
Academic,Course 3: Data Intensive Computing,10. Case Studies and Practical Applications,-,-
Academic,Course 4: Computer Security,1. Fundamentals of Computer Security,-,-
Academic,Course 4: Computer Security,2. Cryptography Basics,-,-
Academic,Course 4: Computer Security,3. Network Security and Protocols,-,-
Academic,Course 4: Computer Security,4. Operating System Security,-,-
Academic,Course 4: Computer Security,5. Application Security,-,-
Academic,Course 4: Computer Security,6. Vulnerability Assessment and Penetration Testing,-,-
Academic,Course 4: Computer Security,7. Security Policies and Management,-,-
Academic,Course 4: Computer Security,8. Emerging Threats and Countermeasures,-,-
Academic,Course 4: Computer Security,9. Incident Response and Digital Forensics,-,-
Academic,Course 4: Computer Security,10. Cyber Ethics and Legal Aspects,-,-
Casual,Book 1: Atomic Habits by James Clear,1. The Fundamentals of Habit Formation,1. What is a Habit?,"Detailed Summary: A habit is an automatic behavior that emerges through regular repetition in response to specific cues. In this sub-chapter, we explore the very essence of a habit by examining its definition and characteristics. Habits form when repeated actions become deeply ingrained in our neural circuitry, allowing us to perform tasks with little conscious thought. This process is evident in everyday behaviors such as brushing teeth or checking a smartphone. By discussing the difference between intentional, conscious actions and habitual, automatic ones, the text lays the groundwork for understanding how habits drive behavior. We also touch on the evolutionary advantages of habits—they save mental energy and help streamline daily decision making. Overall, this section sets the stage by highlighting that habits are not merely repetitive actions, but powerful routines that shape our lives, for better or worse. It invites readers to reflect on their own habits and consider the potential for deliberate change."
Casual,Book 1: Atomic Habits by James Clear,1. The Fundamentals of Habit Formation,"2. The Habit Loop: Cue, Routine, Reward","Detailed Summary: At the core of every habit lies a three-step loop: the cue that triggers the behavior, the routine or behavior itself, and the reward that reinforces the action. In this sub-chapter, we delve deeply into each component of the habit loop. The cue acts as the prompt, often a sensory or situational signal that initiates the behavior. The routine is the actual behavior performed, and the reward is the positive reinforcement that signals success to the brain. Detailed examples—such as a morning alarm (cue), getting out of bed (routine), and the satisfaction of starting the day (reward)—illustrate how these elements interact. The section also discusses how modifying any one of these components can lead to habit change. For instance, altering the reward can break a negative habit cycle or help establish a positive one. This clear breakdown enables readers to analyze their own behaviors, understand the underlying structure, and identify potential points of intervention for building new habits."
Casual,Book 1: Atomic Habits by James Clear,1. The Fundamentals of Habit Formation,3. The Neuroscience Behind Habit Formation,"Detailed Summary: Understanding the brain’s role in habit formation provides a powerful insight into why habits are so resilient. This sub-chapter explores how repeated behaviors cause neural pathways to strengthen, making actions almost automatic over time. The discussion covers the role of the basal ganglia—a brain region critical for the development of habits—and how dopamine reinforces the habit loop by providing a sense of pleasure when the behavior is completed successfully. By integrating scientific research with relatable examples, the content explains that each time a habit is performed, the neural circuit associated with that habit becomes more efficient. This biological perspective not only demystifies the process of habit formation but also underscores why breaking bad habits can be challenging. It highlights the importance of consistency and repetition in creating lasting behavioral change, while also offering hope that by understanding these mechanisms, one can deliberately rewire their brain to foster positive habits."
Casual,Book 1: Atomic Habits by James Clear,1. The Fundamentals of Habit Formation,4. The Role of Environment in Shaping Habits,"Brief Overview: Explores how our surroundings—physical, social, and digital—influence the formation and reinforcement of habits."
Casual,Book 1: Atomic Habits by James Clear,1. The Fundamentals of Habit Formation,5. The Impact of Repetition on Behavior,Brief Overview: Discusses how repeated actions cement habits in our neural pathways and why consistency is key to long-term change.
Casual,Book 1: Atomic Habits by James Clear,1. The Fundamentals of Habit Formation,6. Identifying Triggers for Habit Formation,Brief Overview: Provides guidance on recognizing external and internal triggers that prompt habitual behavior.
Casual,Book 1: Atomic Habits by James Clear,1. The Fundamentals of Habit Formation,7. Common Pitfalls in Establishing New Habits,"Brief Overview: Highlights typical obstacles and setbacks encountered when trying to form new, positive habits."
Casual,Book 1: Atomic Habits by James Clear,1. The Fundamentals of Habit Formation,8. Strategies for Overcoming Habit Barriers,Brief Overview: Outlines practical approaches and interventions for breaking negative habits and reinforcing positive ones.
Casual,Book 1: Atomic Habits by James Clear,2. The Role of Small Changes,1. The Impact of Marginal Gains,"Detailed Summary: Small, incremental improvements—often referred to as marginal gains—can lead to transformative changes over time. In this sub-chapter, the focus is on understanding how tiny adjustments in behavior, even if seemingly insignificant at first, compound to produce substantial results. The discussion emphasizes that rather than making drastic changes all at once, consistently optimizing small aspects of your daily routine can yield a significant cumulative effect. Real-world examples, such as athletes refining their techniques or companies improving their processes, illustrate that success often lies in the details. By making these small improvements consistently, individuals can overcome inertia, gradually shifting their overall performance and outcomes. This section encourages readers to shift their mindset from seeking radical overnight transformations to valuing steady, continuous progress. It serves as a motivational reminder that every tiny step matters and that sustainable change is built one small win at a time."
Casual,Book 1: Atomic Habits by James Clear,2. The Role of Small Changes,2. The Compound Effect of Tiny Habits,"Detailed Summary: Tiny habits, when practiced daily, have a compound effect that accelerates personal growth and transformation. This sub-chapter explains how small, positive behaviors multiply over time, much like interest accruing in a bank account. The compound effect isn’t immediately visible—it requires patience and consistency. Through a series of relatable examples, the narrative illustrates how small habits, such as reading a few pages each day or taking short walks, can eventually lead to significant improvements in knowledge, health, or productivity. The content also explores the psychological benefits of this approach, emphasizing that setting achievable, bite-sized goals reduces overwhelm and builds confidence. As readers understand the power of the compound effect, they are encouraged to view every small effort as a stepping stone toward long-term success. This perspective helps demystify the process of change and reinforces the idea that incremental progress is not only viable but also extraordinarily potent."
Casual,Book 1: Atomic Habits by James Clear,2. The Role of Small Changes,3. Consistency Over Intensity,"Detailed Summary: While intensity can drive rapid changes in the short term, consistency is the key to long-lasting improvement. In this sub-chapter, the discussion centers on why performing a task regularly—even at a moderate pace—often outperforms sporadic bursts of high effort. The text explains that habits require time to become ingrained, and regular repetition helps solidify these behaviors in the brain’s neural pathways. Consistency builds momentum, fosters discipline, and leads to the gradual evolution of one’s capabilities. Through illustrative examples and research findings, the chapter contrasts the outcomes of intermittent, intense efforts with those of sustained, steady practice. It underscores that consistency is less daunting, more manageable, and ultimately more effective in achieving long-term goals. Readers are encouraged to establish routines that they can maintain over time rather than setting unrealistic targets that lead to burnout. This approach not only ensures progress but also builds resilience in the face of setbacks."
Casual,Book 1: Atomic Habits by James Clear,2. The Role of Small Changes,4. Implementing Micro-Adjustments in Daily Life,"Brief Overview: Explains practical ways to incorporate small changes into everyday routines, such as tweaking morning habits or adjusting work schedules."
Casual,Book 1: Atomic Habits by James Clear,2. The Role of Small Changes,5. Tracking and Measuring Small Changes,"Brief Overview: Outlines tools and techniques for monitoring progress, emphasizing the importance of tracking even the smallest improvements."
Casual,Book 1: Atomic Habits by James Clear,2. The Role of Small Changes,6. Overcoming the Fear of Incremental Progress,"Brief Overview: Addresses common psychological barriers that make small changes seem insignificant, and offers strategies to overcome these fears."
Casual,Book 1: Atomic Habits by James Clear,2. The Role of Small Changes,7. Psychological Benefits of Small Improvements,"Brief Overview: Describes how minor successes boost motivation and confidence, contributing to a positive cycle of growth."
Casual,Book 1: Atomic Habits by James Clear,2. The Role of Small Changes,8. Long-Term Impact of Consistent Small Changes,Brief Overview: Summarizes how sustained micro-improvements can lead to transformative changes over months and years.
Casual,Book 1: Atomic Habits by James Clear,3. Building Effective Routines,1. The Importance of Routines in Habit Formation,"Detailed Summary: Routines are the backbone of a structured and productive life. This sub-chapter emphasizes that a well-designed routine not only supports the formation of positive habits but also minimizes decision fatigue by automating daily actions. The discussion covers how routines provide stability and predictability, allowing individuals to focus their mental energy on creative or challenging tasks. By examining the psychological and practical benefits of having a set routine, the content illustrates how consistency in daily practices reinforces habit formation. Readers are introduced to the idea that routines create an environment in which good habits can thrive, and that the structure provided by a routine helps in overcoming procrastination and uncertainty. This section lays a strong foundation for understanding why establishing a daily routine is an essential step toward personal and professional success."
Casual,Book 1: Atomic Habits by James Clear,3. Building Effective Routines,2. Designing a Personalized Routine,"Detailed Summary: Not every routine fits every individual; personalization is key to long-term adherence. In this sub-chapter, readers are guided through the process of designing a routine that aligns with their unique lifestyle, goals, and natural rhythms. The content explains how to identify priorities, allocate time for various activities, and build flexibility into a schedule. Practical advice—such as starting with a few key activities and gradually expanding the routine—is provided alongside examples of successful routines from different walks of life. The discussion also highlights common mistakes, such as over-scheduling or creating unrealistic expectations, and offers solutions to create a balanced plan. Ultimately, this section empowers readers to take ownership of their daily schedule, crafting routines that are both motivating and sustainable, and that support continuous personal growth."
Casual,Book 1: Atomic Habits by James Clear,3. Building Effective Routines,3. Integrating New Habits into Daily Life,"Detailed Summary: Once a personalized routine is in place, the next step is to seamlessly integrate new habits into it. This sub-chapter focuses on strategies for embedding desired behaviors into existing daily patterns. It explains that by pairing a new habit with an established part of your routine (a technique known as habit stacking), you can leverage the consistency of your current schedule to adopt new practices effortlessly. Through real-life examples and actionable tips, the content shows how even minor adjustments—such as adding a short meditation session after breakfast—can become a permanent part of one’s routine. The narrative discusses the importance of starting small and gradually building complexity to ensure the new habit takes hold without causing disruption. By the end, readers understand that integrating new habits is a gradual process that, when done correctly, can lead to significant improvements in efficiency, well-being, and overall productivity."
Casual,Book 1: Atomic Habits by James Clear,3. Building Effective Routines,4. Maintaining Consistency in Your Routine,"Brief Overview: Offers tips for staying on track with a routine even when faced with disruptions, emphasizing the value of regularity and commitment."
Casual,Book 1: Atomic Habits by James Clear,3. Building Effective Routines,5. Adapting Routines to Changing Circumstances,"Brief Overview: Explores how to adjust and fine-tune routines in response to life changes, ensuring they remain relevant and effective."
Casual,Book 1: Atomic Habits by James Clear,3. Building Effective Routines,6. Tools and Techniques for Routine Management,"Brief Overview: Provides an overview of apps, planners, and digital tools that help track and manage daily routines efficiently."
Casual,Book 1: Atomic Habits by James Clear,3. Building Effective Routines,7. Evaluating the Effectiveness of Your Routine,Brief Overview: Outlines methods for assessing whether a routine is meeting its goals and how to iterate for continuous improvement.
Casual,Book 1: Atomic Habits by James Clear,3. Building Effective Routines,8. Real-Life Success Stories and Practical Tips,Brief Overview: Shares brief case studies and tips from individuals who have successfully built and maintained effective routines.
Casual,Book 1: Atomic Habits by James Clear,4. The Science Behind Habit Loops,-,-
Casual,Book 1: Atomic Habits by James Clear,5. Habit Stacking and Environment Design,-,-
Casual,Book 1: Atomic Habits by James Clear,6. Overcoming Plateaus and Setbacks,-,-
Casual,Book 1: Atomic Habits by James Clear,7. Tracking Progress and Measuring Success,-,-
Casual,Book 1: Atomic Habits by James Clear,8. The Impact of Consistency Over Time,-,-
Casual,Book 1: Atomic Habits by James Clear,9. Advanced Habit Strategies,-,-
Casual,Book 1: Atomic Habits by James Clear,10. Real-World Applications and Success Stories,-,-
Casual,Book 2: The Power of Now by Eckhart Tolle,1. Introduction to the Present Moment,-,-
Casual,Book 2: The Power of Now by Eckhart Tolle,2. Understanding the Mind and Ego,-,-
Casual,Book 2: The Power of Now by Eckhart Tolle,3. The Path to Mindfulness,-,-
Casual,Book 2: The Power of Now by Eckhart Tolle,4. Embracing Stillness and Silence,-,-
Casual,Book 2: The Power of Now by Eckhart Tolle,5. Overcoming Negative Thought Patterns,-,-
Casual,Book 2: The Power of Now by Eckhart Tolle,6. Cultivating Conscious Awareness,-,-
Casual,Book 2: The Power of Now by Eckhart Tolle,7. Practical Meditation Techniques,-,-
Casual,Book 2: The Power of Now by Eckhart Tolle,8. Transforming Pain into Insight,-,-
Casual,Book 2: The Power of Now by Eckhart Tolle,9. Spiritual Awakening and Personal Growth,-,-
Casual,Book 2: The Power of Now by Eckhart Tolle,10. Integrating Presence into Daily Life,-,-
Casual,Book 3: How to Win Friends and Influence People by Dale Carnegie,1. Fundamentals of Human Relations,-,-
Casual,Book 3: How to Win Friends and Influence People by Dale Carnegie,2. The Power of Listening,-,-
Casual,Book 3: How to Win Friends and Influence People by Dale Carnegie,3. Building Genuine Relationships,-,-
Casual,Book 3: How to Win Friends and Influence People by Dale Carnegie,4. Techniques for Persuasion,-,-
Casual,Book 3: How to Win Friends and Influence People by Dale Carnegie,5. Handling Criticism and Conflict,-,-
Casual,Book 3: How to Win Friends and Influence People by Dale Carnegie,6. Effective Communication Strategies,-,-
Casual,Book 3: How to Win Friends and Influence People by Dale Carnegie,7. The Art of Appreciation,-,-
Casual,Book 3: How to Win Friends and Influence People by Dale Carnegie,8. Leveraging Empathy in Conversations,-,-
Casual,Book 3: How to Win Friends and Influence People by Dale Carnegie,9. Networking and Social Influence,-,-
Casual,Book 3: How to Win Friends and Influence People by Dale Carnegie,10. Long-term Relationship Building,-,-
Casual,Book 4: Mindset: The New Psychology of Success by Carol Dweck,1. Introduction to Growth and Fixed Mindsets,-,-
Casual,Book 4: Mindset: The New Psychology of Success by Carol Dweck,2. Recognizing Your Current Mindset,-,-
Casual,Book 4: Mindset: The New Psychology of Success by Carol Dweck,3. Strategies to Cultivate a Growth Mindset,-,-
Casual,Book 4: Mindset: The New Psychology of Success by Carol Dweck,4. Mindset in Education and Learning,-,-
Casual,Book 4: Mindset: The New Psychology of Success by Carol Dweck,5. Overcoming Challenges and Embracing Failure,-,-
Casual,Book 4: Mindset: The New Psychology of Success by Carol Dweck,6. Mindset in Relationships and Leadership,-,-
Casual,Book 4: Mindset: The New Psychology of Success by Carol Dweck,7. The Role of Effort and Persistence,-,-
Casual,Book 4: Mindset: The New Psychology of Success by Carol Dweck,8. Shifting Perspectives Through Reflection,-,-
Casual,Book 4: Mindset: The New Psychology of Success by Carol Dweck,9. Case Studies in Mindset Transformation,-,-
Casual,Book 4: Mindset: The New Psychology of Success by Carol Dweck,10. Long-Term Impact of a Growth Mindset,-,-
Vocational,Book 1: Python Programming Fundamentals,1. Introduction to Python,1. What is Python?,"Detailed Summary: Python is a high-level, interpreted programming language celebrated for its simplicity and readability. In this sub-chapter, we explore Python’s core identity as a language designed for rapid development and ease of use. Python supports multiple paradigms—including procedural, object-oriented, and functional programming—which makes it versatile for beginners and professionals alike. The language’s syntax emphasizes clarity and conciseness, reducing the learning curve and allowing developers to express concepts in fewer lines of code compared to other languages. Additionally, Python’s rich ecosystem—featuring an extensive standard library and numerous third-party modules—facilitates tasks ranging from web development and automation to data analysis and artificial intelligence. By understanding what Python is and why it has become a preferred language across various domains, readers are introduced to its key characteristics and are encouraged to appreciate the simplicity that drives its power. This foundational overview sets the stage for deeper exploration into Python’s features throughout the course."
Vocational,Book 1: Python Programming Fundamentals,1. Introduction to Python,2. History and Evolution of Python,"Detailed Summary: This sub-chapter delves into the origins and evolution of Python, tracing its development from its inception in the late 1980s to its current status as one of the world’s most popular programming languages. Created by Guido van Rossum and first released in 1991, Python was designed to emphasize code readability and reduce the cost of program maintenance. Over the years, Python has grown through community contributions and an open-source model that has led to continuous improvements and updates. Milestones such as the introduction of Python 2.0 and later Python 3.0 have brought major enhancements, including better Unicode support, improved standard libraries, and cleaner syntax. The narrative highlights how Python’s design philosophy of simplicity and explicitness has resonated with a global community of developers, educators, and enterprises. By understanding the historical context and evolution of Python, readers gain insight into its robust community, its adaptability to modern programming challenges, and the reasons behind its sustained popularity in fields as diverse as web development, data science, and machine learning."
Vocational,Book 1: Python Programming Fundamentals,1. Introduction to Python,3. Setting Up the Python Environment,"Detailed Summary: A crucial first step in any programming journey is setting up the development environment. This sub-chapter guides readers through installing Python on various operating systems, configuring editors or Integrated Development Environments (IDEs), and verifying the installation with a simple “Hello, World!” script. Detailed instructions are provided for downloading Python from the official website, understanding version differences, and configuring environment variables. The discussion also covers popular IDEs like PyCharm, VS Code, and Jupyter Notebook, highlighting their features and benefits for different types of projects. By walking through the setup process, this section demystifies potential technical hurdles and provides a smooth entry point for beginners. Readers come away with a clear, step-by-step understanding of how to prepare their machines for Python programming, ensuring they are ready to dive into coding exercises and projects. This preparation is essential for building confidence and fostering a productive learning experience."
Vocational,Book 1: Python Programming Fundamentals,1. Introduction to Python,4. Python’s Philosophy and Design Principles,Brief Overview: Introduces Python’s guiding philosophies such as “There should be one—and preferably only one—obvious way to do it” and explains how these principles influence the language’s design and usage.
Vocational,Book 1: Python Programming Fundamentals,1. Introduction to Python,5. Python’s Versatility and Use Cases,"Brief Overview: Highlights the broad applicability of Python in areas such as web development, data science, automation, and more, emphasizing why it has become a go-to language across industries."
Vocational,Book 1: Python Programming Fundamentals,1. Introduction to Python,6. Understanding Python Syntax Basics,"Brief Overview: Offers a quick look at the basic syntactic elements of Python, including indentation, statements, and expressions, which make the language accessible and easy to read."
Vocational,Book 1: Python Programming Fundamentals,1. Introduction to Python,7. Installing and Running Python Scripts,"Brief Overview: Provides a summary of how to write, save, and execute Python scripts, including command-line execution and using interactive shells."
Vocational,Book 1: Python Programming Fundamentals,1. Introduction to Python,8. Future Trends in Python Development,"Brief Overview: Explores emerging trends and future directions in Python, such as its growing role in machine learning and artificial intelligence, and community-driven evolution."
Vocational,Book 1: Python Programming Fundamentals,"2. Python Basics: Variables, Data Types, and Operators",1. Understanding Variables in Python,"Detailed Summary: Variables in Python serve as containers for storing data values and are fundamental to programming. This sub-chapter explains that, unlike statically typed languages, Python uses dynamic typing—meaning that variables can change types over time without explicit declarations. Readers learn about the naming conventions for variables, the importance of choosing meaningful names, and how Python’s assignment operator works. Through illustrative examples, the text demonstrates how variables are created and manipulated, emphasizing that variables are simply labels attached to objects stored in memory. This section also covers the concept of variable scope and lifetime, clarifying how variables behave within functions and modules. By laying out these principles, the sub-chapter establishes a solid foundation for understanding how data is stored and manipulated in Python, setting the stage for deeper exploration of data types and operations."
Vocational,Book 1: Python Programming Fundamentals,"2. Python Basics: Variables, Data Types, and Operators",2. Exploring Data Types in Python,"Detailed Summary: Python supports a variety of data types that allow it to handle different kinds of information. This sub-chapter delves into the built-in data types available in Python, such as integers, floats, strings, booleans, lists, tuples, sets, and dictionaries. It explains the characteristics of each data type, including mutability, ordering, and indexing. Through concrete examples, readers learn how to create and manipulate these types, and understand the contexts in which each is most appropriate. The discussion also touches on type conversion and the importance of understanding the differences between types to avoid common programming errors. This exploration not only enhances comprehension of Python’s flexibility but also prepares learners to choose the right data structures for various programming tasks. By the end of this section, readers are equipped with the knowledge needed to effectively work with data in Python."
Vocational,Book 1: Python Programming Fundamentals,"2. Python Basics: Variables, Data Types, and Operators",3. Python Operators and Their Usage,"Detailed Summary: Operators in Python are symbols that perform operations on variables and values. This sub-chapter provides a comprehensive overview of different types of operators—including arithmetic, comparison, logical, bitwise, and assignment operators. Detailed examples illustrate how these operators function, their precedence rules, and how to combine them in expressions. The discussion emphasizes practical usage, such as performing calculations, making decisions, and manipulating data. It also covers augmented assignment operators (e.g., +=, -=) that simplify code. Through clear explanations and coding snippets, readers gain an understanding of how operators are integral to writing effective Python programs. The section underlines that mastering operators is essential for performing computations and controlling the flow of logic within programs, thereby forming a crucial part of Python’s basic syntax."
Vocational,Book 1: Python Programming Fundamentals,"2. Python Basics: Variables, Data Types, and Operators",4. Type Conversion and Casting,"Brief Overview: Explains how to convert data from one type to another using built-in functions like int(), float(), and str(), and discusses when type conversion is necessary."
Vocational,Book 1: Python Programming Fundamentals,"2. Python Basics: Variables, Data Types, and Operators",5. Variable Scope and Lifetime,"Brief Overview: Provides a quick summary of the concepts of local vs. global variables, including how scope affects variable accessibility within functions and modules."
Vocational,Book 1: Python Programming Fundamentals,"2. Python Basics: Variables, Data Types, and Operators",6. Common Pitfalls with Variables and Data Types,"Brief Overview: Highlights frequent errors, such as type mismatches and improper variable naming, and offers best practices to avoid them."
Vocational,Book 1: Python Programming Fundamentals,"2. Python Basics: Variables, Data Types, and Operators",7. Best Practices for Using Variables and Operators,"Brief Overview: Outlines guidelines for writing clear, maintainable code when working with variables and operators, emphasizing readability and consistency."
Vocational,Book 1: Python Programming Fundamentals,"2. Python Basics: Variables, Data Types, and Operators",8. Advanced Data Handling Techniques,"Brief Overview: Offers a brief look into more advanced topics, such as unpacking, destructuring, and using built-in functions to manipulate data collections."
Vocational,Book 1: Python Programming Fundamentals,3. Control Flow and Loops,1. Introduction to Control Flow,"Detailed Summary: Control flow is the backbone of programming, determining the order in which code executes. This sub-chapter introduces the concept of control flow in Python, explaining that it allows the program to make decisions and perform repeated tasks based on certain conditions. The discussion outlines how control flow is achieved through conditional statements and loops, setting the stage for more detailed exploration later in the chapter. By using examples, the text demonstrates how the logical flow of a program can be altered to respond dynamically to different inputs and scenarios. This section establishes the importance of control flow for creating interactive and responsive programs and prepares readers to dive into specific structures that control execution, such as if-else statements and loops."
Vocational,Book 1: Python Programming Fundamentals,3. Control Flow and Loops,"2. Conditional Statements: if, elif, else","Detailed Summary: Conditional statements allow a program to execute different blocks of code based on the truth value of conditions. In this sub-chapter, readers are introduced to the if, elif, and else constructs in Python. Detailed examples show how to evaluate conditions and branch execution accordingly. The text explains the syntax and logic behind these statements, including the significance of indentation in Python for defining code blocks. Through practical examples—such as decision-making in user input and handling multiple conditions—the section demonstrates how conditional statements form the basis for complex decision trees in programming. Understanding these concepts is critical for building applications that can react intelligently to different inputs and scenarios, making this sub-chapter a key component in mastering Python’s control flow."
Vocational,Book 1: Python Programming Fundamentals,3. Control Flow and Loops,3. Looping Constructs: for and while loops,"Detailed Summary: Looping constructs are essential for performing repetitive tasks efficiently. This sub-chapter explains the two primary types of loops in Python: the for loop and the while loop. The for loop is used for iterating over sequences such as lists, strings, or ranges, while the while loop repeats a block of code as long as a specified condition remains true. Detailed examples illustrate how each loop works, including the use of loop control statements like break and continue to manage iterations. The discussion highlights common use cases—such as processing collections of data or executing a block of code until a certain condition is met—and addresses potential pitfalls like infinite loops. By understanding looping constructs, readers gain the ability to automate repetitive tasks, which is a fundamental skill in programming that enhances efficiency and code clarity."
Vocational,Book 1: Python Programming Fundamentals,3. Control Flow and Loops,4. Nested Control Structures,Brief Overview: Discusses the concept of placing loops or conditional statements inside one another to handle more complex logic.
Vocational,Book 1: Python Programming Fundamentals,3. Control Flow and Loops,"5. Loop Control Statements: break, continue, pass","Brief Overview: Offers a quick summary of how these statements alter loop execution, providing finer control over iterations."
Vocational,Book 1: Python Programming Fundamentals,3. Control Flow and Loops,6. Practical Examples of Control Flow in Projects,Brief Overview: Provides brief case studies or code snippets that demonstrate the use of control flow in real-world Python projects.
Vocational,Book 1: Python Programming Fundamentals,3. Control Flow and Loops,7. Debugging and Optimizing Loops,Brief Overview: Highlights techniques for troubleshooting common errors in loops and improving loop efficiency.
Vocational,Book 1: Python Programming Fundamentals,3. Control Flow and Loops,8. Best Practices in Writing Control Flow,"Brief Overview: Outlines guidelines for writing clear and maintainable control structures, emphasizing readability and efficiency."
Vocational,Book 1: Python Programming Fundamentals,4. Functions and Modules,-,-
Vocational,Book 1: Python Programming Fundamentals,5. Data Structures in Python,-,-
Vocational,Book 1: Python Programming Fundamentals,6. File Handling and Exception Management,-,-
Vocational,Book 1: Python Programming Fundamentals,7. Object-Oriented Programming in Python,-,-
Vocational,Book 1: Python Programming Fundamentals,8. Working with Libraries and Packages,-,-
Vocational,Book 1: Python Programming Fundamentals,9. Introduction to Data Analysis with Python,-,-
Vocational,Book 1: Python Programming Fundamentals,10. Project: Building a Simple Application,-,-
Vocational,Book 2: JavaScript Essentials,1. Introduction to JavaScript and Its Role in Web Development,-,-
Vocational,Book 2: JavaScript Essentials,"2. Variables, Data Types, and Basic Syntax in JavaScript",-,-
Vocational,Book 2: JavaScript Essentials,3. Control Structures: Conditionals and Loops,-,-
Vocational,Book 2: JavaScript Essentials,4. Functions and Scope in JavaScript,-,-
Vocational,Book 2: JavaScript Essentials,5. The Document Object Model (DOM) and Event Handling,-,-
Vocational,Book 2: JavaScript Essentials,6. Asynchronous JavaScript: Promises and Async/Await,-,-
Vocational,Book 2: JavaScript Essentials,7. Working with APIs and JSON,-,-
Vocational,Book 2: JavaScript Essentials,8. Modern JavaScript (ES6+ Features),-,-
Vocational,Book 2: JavaScript Essentials,9. Debugging and Best Practices,-,-
Vocational,Book 2: JavaScript Essentials,10. Project: Building a Dynamic Web Page,-,-
Vocational,Book 3: Web Development Bootcamp,1. Fundamentals of HTML and CSS,-,-
Vocational,Book 3: Web Development Bootcamp,2. Responsive Web Design Principles,-,-
Vocational,Book 3: Web Development Bootcamp,3. Introduction to Front-End Frameworks,-,-
Vocational,Book 3: Web Development Bootcamp,4. Building Layouts with Flexbox and Grid,-,-
Vocational,Book 3: Web Development Bootcamp,5. Styling with CSS Preprocessors,-,-
Vocational,Book 3: Web Development Bootcamp,6. JavaScript for Web Interactivity,-,-
Vocational,Book 3: Web Development Bootcamp,7. Backend Basics: Node.js and Express,-,-
Vocational,Book 3: Web Development Bootcamp,8. Working with Databases: SQL/NoSQL,-,-
Vocational,Book 3: Web Development Bootcamp,9. Deployment and Version Control with Git,-,-
Vocational,Book 3: Web Development Bootcamp,10. Capstone Project: Full-Stack Web Application,-,-
Vocational,Book 4: Data Structures & Algorithms in Practice,1. Introduction to Data Structures and Algorithms,-,-
Vocational,Book 4: Data Structures & Algorithms in Practice,"2. Arrays, Lists, and Basic Data Structures",-,-
Vocational,Book 4: Data Structures & Algorithms in Practice,3. Sorting Algorithms and Their Complexities,-,-
Vocational,Book 4: Data Structures & Algorithms in Practice,4. Searching Algorithms and Recursion,-,-
Vocational,Book 4: Data Structures & Algorithms in Practice,"5. Linked Lists, Stacks, and Queues",-,-
Vocational,Book 4: Data Structures & Algorithms in Practice,6. Trees and Graphs Fundamentals,-,-
Vocational,Book 4: Data Structures & Algorithms in Practice,7. Hashing and Dictionaries,-,-
Vocational,Book 4: Data Structures & Algorithms in Practice,8. Algorithm Analysis and Big O Notation,-,-
Vocational,Book 4: Data Structures & Algorithms in Practice,9. Dynamic Programming Basics,-,-
Vocational,Book 4: Data Structures & Algorithms in Practice,10. Project: Implementing a Mini Algorithm Library,-,-
Competitive,Book 1: Indian Polity & Governance,1. The Evolution of Indian Democracy,1. Historical Foundations of Democracy in India,"Detailed Summary: This sub-chapter explores the early roots of democratic thought in the Indian subcontinent. It examines how ancient traditions, such as the republics of the Mahajanapadas and early assemblies in various kingdoms, laid the groundwork for later democratic ideals. The narrative discusses how indigenous governance models and participatory practices influenced early political structures. In addition, it reviews how colonial encounters, despite their repressive nature, inadvertently sowed seeds of modern political thought by introducing Western ideals of representation and civic participation. By tracing these historical origins, readers gain a deeper understanding of how a unique blend of indigenous and imported ideas contributed to the evolution of democracy in India. This context is essential for appreciating the complexities of modern Indian democracy."
Competitive,Book 1: Indian Polity & Governance,1. The Evolution of Indian Democracy,2. The Independence Movement and Democratic Ideals,"Detailed Summary: This sub-chapter focuses on the transformative period of the Indian independence movement. It details how leaders and reformers—drawing on a rich mix of nationalist sentiment and democratic principles—challenged colonial rule. The narrative highlights the influence of key figures who championed ideas of self-governance, justice, and equality, and explains how mass mobilization during protests, non-cooperation movements, and civil disobedience campaigns set the stage for a democratic future. By examining the strategies and sacrifices of freedom fighters, the section illustrates how the struggle for independence was inextricably linked to the aspiration for a government that represented the people’s will. This historical journey emphasizes that the seeds of modern democracy were sown during the quest for national liberation."
Competitive,Book 1: Indian Polity & Governance,1. The Evolution of Indian Democracy,3. Birth of a Democratic Nation: Adoption of the Constitution,"Detailed Summary: In this sub-chapter, the focus shifts to the post-independence era, where the adoption of the Indian Constitution marked the official birth of a democratic nation. The narrative details the exhaustive debates, deliberations, and compromises that went into crafting a document designed to enshrine the rights of citizens while balancing diverse regional, cultural, and political interests. The section explains how the framers of the Constitution sought to incorporate universal suffrage, judicial review, and a federal structure that reflected India’s pluralism. This in-depth discussion not only provides a chronological account of the Constitution’s adoption but also illuminates the ideals and values—such as justice, liberty, and equality—that continue to underpin Indian democracy."
Competitive,Book 1: Indian Polity & Governance,1. The Evolution of Indian Democracy,4. Evolution of Political Institutions,"Brief Overview: Reviews the gradual development of India’s political institutions, including the role of political parties, parliamentary procedures, and the judiciary in shaping the democratic process over time."
Competitive,Book 1: Indian Polity & Governance,1. The Evolution of Indian Democracy,5. Role of Social Movements in Shaping Democracy,Brief Overview: Highlights how various social movements—from the struggle for civil rights to regional mobilizations—have influenced and expanded democratic practices in India.
Competitive,Book 1: Indian Polity & Governance,1. The Evolution of Indian Democracy,6. Milestones in Democratic Reforms,"Brief Overview: Summarizes key reforms and landmark events that have redefined the democratic landscape, such as electoral reforms and legislative amendments."
Competitive,Book 1: Indian Polity & Governance,1. The Evolution of Indian Democracy,7. Challenges in the Democratic Process,"Brief Overview: Discusses ongoing challenges, including corruption, political polarization, and regional disparities that impact the functioning of democracy."
Competitive,Book 1: Indian Polity & Governance,1. The Evolution of Indian Democracy,8. Future Prospects of Indian Democracy,Brief Overview: Provides a forward-looking perspective on potential reforms and innovations that could further strengthen democratic governance in India.
Competitive,Book 1: Indian Polity & Governance,2. Constitutional Framework and Amendments,1. Origin and Adoption of the Indian Constitution,"Detailed Summary: This sub-chapter delves into the origins of the Indian Constitution, examining the historical context and the vision that guided its creation. It explains how the Constituent Assembly, composed of diverse leaders and experts, drafted a document aimed at unifying a newly independent nation. The narrative details the key debates and philosophical influences—from Gandhian thought to liberal democratic ideals—that shaped the constitutional framework. By highlighting the rigorous process of drafting and ratification, readers gain insight into how the Constitution was designed to balance individual rights with the collective good, setting the foundation for a resilient democratic polity."
Competitive,Book 1: Indian Polity & Governance,2. Constitutional Framework and Amendments,2. Key Principles and Features of the Constitution,"Detailed Summary: This section offers an in-depth look at the core principles that underpin the Indian Constitution. It examines the separation of powers, the checks and balances between the executive, legislature, and judiciary, and the incorporation of fundamental rights. Detailed examples illustrate how these principles work in practice to protect citizen freedoms and ensure accountability. The narrative also discusses the constitutional commitment to secularism, social justice, and federalism, providing readers with a comprehensive understanding of the document’s guiding ethos. This deep dive into the constitutional features helps elucidate why the Constitution remains a living document, continuously interpreted and reinterpreted by courts and lawmakers."
Competitive,Book 1: Indian Polity & Governance,2. Constitutional Framework and Amendments,3. Evolution Through Amendments,"Detailed Summary: Over the decades, the Indian Constitution has been amended numerous times to address changing social, political, and economic needs. This sub-chapter reviews some of the most significant amendments and the contexts in which they were made. It explains how these changes have refined the constitutional framework, often reflecting broader shifts in society and governance. The discussion includes both celebrated reforms and controversial changes, emphasizing the dynamic nature of constitutional law. By exploring the process and impact of amendments, readers understand that the Constitution is not static but evolves in response to emerging challenges, ensuring its continued relevance in a modern democratic society."
Competitive,Book 1: Indian Polity & Governance,2. Constitutional Framework and Amendments,4. Role of Judicial Interpretation,"Brief Overview: Examines how the judiciary has played a pivotal role in interpreting the Constitution, shaping its application through landmark judgments."
Competitive,Book 1: Indian Polity & Governance,2. Constitutional Framework and Amendments,5. Balancing Federal and State Powers,"Brief Overview: Provides a summary of how the Constitution delineates the powers of the central and state governments, ensuring a balance between unity and regional autonomy."
Competitive,Book 1: Indian Polity & Governance,2. Constitutional Framework and Amendments,6. Landmark Amendments and Their Impact,"Brief Overview: Highlights key amendments that have had a lasting impact on governance and civil rights, providing a snapshot of their significance."
Competitive,Book 1: Indian Polity & Governance,2. Constitutional Framework and Amendments,7. Criticisms and Calls for Reform,Brief Overview: Discusses common critiques of the constitutional process and proposals for reform to better address contemporary challenges.
Competitive,Book 1: Indian Polity & Governance,2. Constitutional Framework and Amendments,8. Contemporary Relevance of the Constitutional Framework,Brief Overview: Outlines how constitutional principles continue to guide modern India and the ongoing debates about its future direction.
Competitive,Book 1: Indian Polity & Governance,3. Federalism and Center-State Relations,1. Historical Development of Federalism in India,"Detailed Summary: This sub-chapter provides an overview of the historical evolution of federalism in India. It traces the journey from the pre-independence era, where regional autonomy was limited, to the establishment of a federal structure in the post-independence period. The narrative examines how historical, cultural, and political factors converged to necessitate a federal system that could accommodate India’s vast diversity. By discussing early challenges and the evolution of intergovernmental relations, readers gain a comprehensive understanding of how federalism emerged as a critical component of Indian governance. This detailed context sets the stage for analyzing the practical realities of center-state interactions in modern India."
Competitive,Book 1: Indian Polity & Governance,3. Federalism and Center-State Relations,2. Constitutional Provisions Defining Federalism,"Detailed Summary: This sub-chapter delves into the specific constitutional provisions that establish and regulate federalism in India. It explains how the Constitution delineates the powers of the central government versus those of the states, including legislative, executive, and financial responsibilities. Detailed examples illustrate the mechanisms designed to prevent the over-concentration of power, such as the division of subjects in the Union and State Lists and the role of concurrent legislation. The narrative also highlights the built-in safeguards—such as the power of judicial review—that help maintain the balance between different levels of government. Through this exploration, readers gain a clear understanding of how the constitutional framework supports a federal system intended to manage regional diversity while ensuring national unity."
Competitive,Book 1: Indian Polity & Governance,3. Federalism and Center-State Relations,3. Dynamics of Center-State Relations in Practice,"Detailed Summary: Beyond constitutional theory, the actual relationship between the central and state governments in India is complex and often contentious. This sub-chapter examines real-world dynamics, exploring how political, economic, and social factors influence interactions between different levels of government. It discusses instances of conflict and cooperation, highlighting the role of negotiation, mediation, and judicial intervention in resolving disputes. The narrative provides case studies that illustrate how resource distribution, policy implementation, and regional aspirations shape center-state relations. This in-depth look into the practical challenges and successes of federalism reveals both the strengths and vulnerabilities of the system, offering valuable insights into how democratic governance operates in a diverse and populous nation."
Competitive,Book 1: Indian Polity & Governance,3. Federalism and Center-State Relations,4. Financial Arrangements and Fiscal Federalism,"Brief Overview: Outlines how resources and revenues are shared between the center and the states, including mechanisms like grants and revenue sharing, to ensure balanced development."
Competitive,Book 1: Indian Polity & Governance,3. Federalism and Center-State Relations,5. Political Tensions and Regional Aspirations,"Brief Overview: Discusses common sources of conflict between the central and state governments, such as demands for greater autonomy and the politicization of resource allocation."
Competitive,Book 1: Indian Polity & Governance,3. Federalism and Center-State Relations,6. Cooperative Federalism: Mechanisms and Successes,"Brief Overview: Provides examples of successful collaboration between the center and states, highlighting initiatives that have fostered mutual growth and development."
Competitive,Book 1: Indian Polity & Governance,3. Federalism and Center-State Relations,7. Case Studies of Center-State Disputes,"Brief Overview: Presents brief examples of high-profile disputes, illustrating how conflicts have been managed or resolved in the past."
Competitive,Book 1: Indian Polity & Governance,3. Federalism and Center-State Relations,8. Future Directions for Indian Federalism,Brief Overview: Offers a forward-looking perspective on potential reforms and strategies to enhance the effectiveness and responsiveness of the federal system.
Competitive,Book 1: Indian Polity & Governance,3. Federalism and Center-State Relations,-,-
Competitive,Book 1: Indian Polity & Governance,3. Federalism and Center-State Relations,-,-
Competitive,Book 1: Indian Polity & Governance,4. Judicial Review and the Independent Judiciary,-,-
Competitive,Book 1: Indian Polity & Governance,5. Role of Political Institutions,-,-
Competitive,Book 1: Indian Polity & Governance,6. Electoral Reforms and Accountability,-,-
Competitive,Book 1: Indian Polity & Governance,7. Policy Making and Governance,-,-
Competitive,Book 1: Indian Polity & Governance,8. Local Self-Governance and Panchayati Raj,-,-
Competitive,Book 1: Indian Polity & Governance,9. The Role of Civil Society,-,-
Competitive,Book 1: Indian Polity & Governance,10. Challenges in Contemporary Polity,-,-
Competitive,Book 1: Indian Polity & Governance,11. Global Influences on Indian Democracy,-,-
Competitive,Book 1: Indian Polity & Governance,12. Future Directions for Governance Reform,-,-
Competitive,Book 2: Modern India – Struggle & Triumph,1. Early Encounters and Colonial Encroachment,-,-
Competitive,Book 2: Modern India – Struggle & Triumph,2. Socio-Political Reform Movements,-,-
Competitive,Book 2: Modern India – Struggle & Triumph,3. The Rise of Nationalism,-,-
Competitive,Book 2: Modern India – Struggle & Triumph,4. Key Freedom Fighters and Ideologies,-,-
Competitive,Book 2: Modern India – Struggle & Triumph,5. The Non-Cooperation Movement,-,-
Competitive,Book 2: Modern India – Struggle & Triumph,6. The Civil Disobedience Movement,-,-
Competitive,Book 2: Modern India – Struggle & Triumph,7. Partition and its Aftermath,-,-
Competitive,Book 2: Modern India – Struggle & Triumph,8. The Role of the Press and Intellectuals,-,-
Competitive,Book 2: Modern India – Struggle & Triumph,9. Evolution of Political Consciousness,-,-
Competitive,Book 2: Modern India – Struggle & Triumph,10. The Road to Independence,-,-
Competitive,Book 2: Modern India – Struggle & Triumph,11. Post-Independence Challenges,-,-
Competitive,Book 2: Modern India – Struggle & Triumph,12. Contemporary Reflections on History,-,-
Competitive,Book 3: Indian Economy – Dynamics of Growth & Policy,1. Historical Overview of the Indian Economy,-,-
Competitive,Book 3: Indian Economy – Dynamics of Growth & Policy,2. Economic Reforms and Liberalization,-,-
Competitive,Book 3: Indian Economy – Dynamics of Growth & Policy,3. Sectors Driving Economic Growth,-,-
Competitive,Book 3: Indian Economy – Dynamics of Growth & Policy,4. Fiscal Policies and Government Initiatives,-,-
Competitive,Book 3: Indian Economy – Dynamics of Growth & Policy,5. Banking and Financial Systems,-,-
Competitive,Book 3: Indian Economy – Dynamics of Growth & Policy,6. Trade and Global Integration,-,-
Competitive,Book 3: Indian Economy – Dynamics of Growth & Policy,7. Rural Economy and Agriculture,-,-
Competitive,Book 3: Indian Economy – Dynamics of Growth & Policy,8. Urbanization and Industrialization,-,-
Competitive,Book 3: Indian Economy – Dynamics of Growth & Policy,9. Employment and Labor Market Dynamics,-,-
Competitive,Book 3: Indian Economy – Dynamics of Growth & Policy,10. Inflation and Monetary Policy,-,-
Competitive,Book 3: Indian Economy – Dynamics of Growth & Policy,11. Technology and Innovation,-,-
Competitive,Book 3: Indian Economy – Dynamics of Growth & Policy,12. Future Prospects and Policy Recommendations,-,-
Competitive,Book 4: Environment & Ecology – India’s Natural Heritage,1. Overview of India’s Ecosystems,-,-
Competitive,Book 4: Environment & Ecology – India’s Natural Heritage,2. Biodiversity and Conservation Efforts,-,-
Competitive,Book 4: Environment & Ecology – India’s Natural Heritage,3. Pollution and Environmental Degradation,-,-
Competitive,Book 4: Environment & Ecology – India’s Natural Heritage,4. Climate Change and its Impact,-,-
Competitive,Book 4: Environment & Ecology – India’s Natural Heritage,5. Water Resources and Management,-,-
Competitive,Book 4: Environment & Ecology – India’s Natural Heritage,6. Forests and Land Use,-,-
Competitive,Book 4: Environment & Ecology – India’s Natural Heritage,7. Urban Environmental Challenges,-,-
Competitive,Book 4: Environment & Ecology – India’s Natural Heritage,8. Environmental Policies and Legislation,-,-
Competitive,Book 4: Environment & Ecology – India’s Natural Heritage,9. Sustainable Development Initiatives,-,-
Competitive,Book 4: Environment & Ecology – India’s Natural Heritage,10. The Role of NGOs and Community Movements,-,-
Competitive,Book 4: Environment & Ecology – India’s Natural Heritage,11. Technological Innovations in Environmental Management,-,-
Competitive,Book 4: Environment & Ecology – India’s Natural Heritage,12. Future Outlook for Sustainability,-,-
Competitive,Book 5: Internal Security – Dynamics & Responses,1. Historical Evolution of Internal Security,-,-
Competitive,Book 5: Internal Security – Dynamics & Responses,2. Terrorism and Insurgency in India,-,-
Competitive,Book 5: Internal Security – Dynamics & Responses,3. Border Security and Defense Strategies,-,-
Competitive,Book 5: Internal Security – Dynamics & Responses,4. Cybersecurity and Emerging Threats,-,-
Competitive,Book 5: Internal Security – Dynamics & Responses,5. The Role of Intelligence Agencies,-,-
Competitive,Book 5: Internal Security – Dynamics & Responses,6. Community Policing and Public Trust,-,-
Competitive,Book 5: Internal Security – Dynamics & Responses,7. Counter-Terrorism Policies and International Cooperation,-,-
Competitive,Book 5: Internal Security – Dynamics & Responses,8. Disaster Management and Crisis Response,-,-
Competitive,Book 5: Internal Security – Dynamics & Responses,9. Urban Security and Law Enforcement,-,-
Competitive,Book 5: Internal Security – Dynamics & Responses,10. Legal Framework and Human Rights,-,-
Competitive,Book 5: Internal Security – Dynamics & Responses,11. Challenges in Modern Security Environment,-,-
Competitive,Book 5: Internal Security – Dynamics & Responses,12. Future Trends in Security and Defense,-,-